household_key,Times_since_last_purchase
1,8.291139240506329
2,12.555555555555555
3,12.826086956521738
4,17.433333333333334
5,18.727272727272727
6,2.665158371040724
7,11.627118644067796
8,6.223300970873787
9,29.25
10,114.2
11,60.4
12,61.714285714285715
13,2.9950738916256157
14,7.142857142857143
15,14.229166666666666
16,6.5777777777777775
17,6.584158415841584
18,4.674242424242424
19,2.1554054054054053
20,2.1140939597315436
21,26.52173913043478
22,5.764705882352941
23,6.02
24,9.558823529411764
25,8.069767441860465
26,6.485148514851486
27,1.7789473684210526
28,4.891666666666667
29,11.440677966101696
30,28.818181818181817
31,9.698412698412698
32,6.245283018867925
33,13.065217391304348
34,20.735294117647058
35,14.291666666666666
36,3.4065934065934065
37,11.125
38,16.62962962962963
39,11.767857142857142
40,2.0957095709570956
41,9.085714285714285
42,7.011494252873563
43,6.611111111111111
44,18.862068965517242
45,8.854545454545455
46,5.957264957264957
47,5.930693069306931
48,13.266666666666667
49,5.935185185185185
50,37.46666666666667
51,8.923076923076923
52,5.5396825396825395
53,12.173076923076923
54,41.90909090909091
55,4.711111111111111
56,3.386740331491713
57,4.211538461538462
58,2.739130434782609
59,16.236842105263158
60,75.75
61,56.09090909090909
62,21.535714285714285
63,20.833333333333332
64,3.3701923076923075
65,6.546391752577319
66,24.652173913043477
67,3.2063492063492065
68,2.2540192926045015
69,4.222972972972973
70,21.78125
71,7.623529411764705
72,6.262626262626263
73,4.568181818181818
74,5.148760330578512
75,10.508474576271187
76,44.46666666666667
77,8.19767441860465
78,3.2010309278350517
79,4.522388059701493
80,7.541176470588235
81,5.529411764705882
82,12.294117647058824
83,6.979166666666667
84,13.5625
85,2.8285714285714287
86,16.805555555555557
87,13.822222222222223
88,3.412087912087912
89,48.0
90,65.33333333333333
91,4.33112582781457
92,10.981818181818182
93,5.376237623762377
94,17.457142857142856
95,2.5450819672131146
96,14.020408163265307
97,4.0426829268292686
98,4.515923566878981
99,3.261780104712042
100,24.464285714285715
101,3.6319018404907975
102,16.375
103,15.073170731707316
104,5.208695652173913
105,5.4
106,10.839285714285714
107,18.666666666666668
108,11.634615384615385
109,5.871287128712871
110,4.264900662251655
111,14.340425531914894
112,9.371428571428572
113,3.386740331491713
114,8.057471264367816
115,4.054545454545455
116,8.3125
117,7.651685393258427
118,7.575
119,11.189655172413794
120,35.35294117647059
121,6.166666666666667
122,5.808695652173913
123,4.033112582781457
124,11.189655172413794
125,2.4892086330935252
126,23.5
127,3.84375
128,19.771428571428572
129,14.743589743589743
130,16.42105263157895
131,2.8264462809917354
132,7.271739130434782
133,8.614285714285714
134,8.868421052631579
135,8.726027397260275
136,8.588235294117647
137,14.216216216216216
138,9.367647058823529
139,8.819444444444445
140,6.673469387755102
141,13.770833333333334
142,3.954285714285714
143,2.4
144,7.102564102564102
145,12.288461538461538
146,19.941176470588236
147,18.558823529411764
148,12.12
149,3.759259259259259
150,104.6
151,13.409090909090908
152,18.8
153,8.223684210526315
154,19.444444444444443
155,12.142857142857142
156,1.8251533742331287
157,4.710344827586207
158,3.485207100591716
159,7.935897435897436
160,11.49090909090909
161,2.8862559241706163
162,10.393939393939394
163,53.63636363636363
164,5.747572815533981
165,4.42
166,5.470588235294118
167,35.26315789473684
168,18.833333333333332
169,33.77777777777778
170,15.186046511627907
171,25.5
172,6.233009708737864
173,32.4
174,22.555555555555557
175,14.4
176,22.59090909090909
177,13.934782608695652
178,6.533333333333333
179,12.135135135135135
180,10.43859649122807
181,21.03846153846154
182,18.441176470588236
183,6.0181818181818185
184,3.1384615384615384
185,12.10909090909091
186,201.66666666666666
187,13.653061224489797
188,16.736842105263158
189,16.13157894736842
190,29.894736842105264
191,25.37037037037037
192,7.139784946236559
193,6.62
194,10.044776119402986
195,9.222222222222221
196,3.9691358024691357
197,11.90566037735849
198,2.6880341880341883
199,12.352941176470589
200,11.677966101694915
201,13.627906976744185
202,18.257142857142856
203,16.75
204,12.28
205,7.746987951807229
206,45.76923076923077
207,29.5
208,5.054263565891473
209,4.300699300699301
210,5.390625
211,5.895238095238096
212,6.6923076923076925
213,74.375
214,6.952941176470588
215,5.110236220472441
216,6.555555555555555
217,11.50909090909091
218,4.394160583941606
219,3.1658536585365855
220,8.662162162162161
221,8.305555555555555
222,5.6752136752136755
223,6.87
224,12.653846153846153
225,14.785714285714286
226,15.523809523809524
227,5.0
228,7.8375
229,17.263157894736842
230,4.142857142857143
231,53.0
232,2.0513698630136985
233,42.142857142857146
234,34.44444444444444
235,3.850828729281768
236,14.326086956521738
237,90.0
238,23.96153846153846
239,2.85
240,26.0
241,40.42857142857143
242,7.406976744186046
243,3.1449275362318843
244,15.317073170731707
245,15.431818181818182
246,14.71111111111111
247,12.352941176470589
248,12.735849056603774
249,5.3418803418803416
250,5.025210084033613
251,9.273972602739725
252,61.44444444444444
253,2.6374045801526718
254,16.452380952380953
255,38.611111111111114
256,5.895652173913043
257,6.747368421052632
258,3.5291005291005293
259,12.648148148148149
260,20.24137931034483
261,13.21951219512195
262,3.7547169811320753
263,2.057046979865772
264,10.576271186440678
265,11.9
266,11.035714285714286
267,26.208333333333332
268,23.625
269,8.685714285714285
270,17.794117647058822
271,8.162790697674419
272,54.0
273,6.3
274,42.642857142857146
275,2.463709677419355
276,4.627737226277373
277,25.307692307692307
278,8.160493827160494
279,13.44186046511628
280,7.65934065934066
281,8.721518987341772
282,6.989247311827957
283,9.04109589041096
284,32.10526315789474
285,3.7964071856287425
286,18.457142857142856
287,3.1954545454545453
288,7.419753086419753
289,4.0
290,2.6723404255319148
291,11.66
292,8.53623188405797
293,7.677777777777778
294,2.983050847457627
295,126.0
296,53.63636363636363
297,6.585106382978723
298,58.0
299,54.72727272727273
300,6.484210526315789
301,8.896103896103897
302,6.738636363636363
303,3.6341463414634148
304,2.76953125
305,5.432
306,4.100671140939597
307,1.9823529411764707
308,9.157894736842104
309,28.142857142857142
310,104.5
311,14.826086956521738
312,16.43243243243243
313,8.75
314,20.470588235294116
315,62.4
316,14.266666666666667
317,11.457627118644067
318,8.808219178082192
319,7.239130434782608
320,33.388888888888886
321,6.237623762376238
322,9.758064516129032
323,51.69230769230769
324,5.765217391304348
325,8.58904109589041
326,24.12
327,25.375
328,3.242424242424242
329,4.354166666666667
330,3.526315789473684
331,11.58
332,6.422018348623853
333,17.97142857142857
334,2.4568345323741005
335,5.263565891472868
336,6.9397590361445785
337,10.525423728813559
338,4.448
339,9.46875
340,26.91304347826087
341,20.423076923076923
342,13.681818181818182
343,10.784615384615385
344,13.456521739130435
345,3.9767441860465116
346,5.201680672268908
347,55.5
348,6.862068965517241
349,18.84375
350,7.489130434782608
351,2.628205128205128
352,101.33333333333333
353,5.105263157894737
354,4.118421052631579
355,58.0
356,3.474860335195531
357,28.238095238095237
358,2.026058631921824
359,10.0
360,17.794117647058822
361,3.517412935323383
362,7.7
363,121.75
364,8.654320987654321
365,5.021897810218978
366,14.119047619047619
367,6.918367346938775
368,13.176470588235293
369,22.607142857142858
370,3.9916666666666667
371,4.214285714285714
372,54.22222222222222
373,46.15384615384615
374,5.129770992366412
375,25.041666666666668
376,1.6322418136020151
377,4.765625
378,2.2006802721088436
379,294.5
380,4.896825396825397
381,8.261904761904763
382,19.375
383,4.544117647058823
384,8.710144927536232
385,17.972972972972972
386,3.371859296482412
387,5.324561403508772
388,11.203703703703704
389,2.617391304347826
390,5.9904761904761905
391,13.2
392,6.215686274509804
393,4.302631578947368
394,10.4
395,10.603174603174603
396,6.21875
397,3.1191709844559585
398,6.15625
399,32.35294117647059
400,2.5836909871244633
401,8.223529411764705
402,9.185714285714285
403,13.08695652173913
404,3.1300448430493275
405,7.315217391304348
406,16.526315789473685
407,15.375
408,12.117647058823529
409,5.677685950413223
410,5.596774193548387
411,5.176470588235294
412,6.541666666666667
413,2.9954954954954953
414,6.154545454545454
415,38.46666666666667
416,18.77777777777778
417,7.868421052631579
418,3.024390243902439
419,12.75
420,8.058823529411764
421,3.9556962025316458
422,34.05555555555556
423,39.30769230769231
424,24.333333333333332
425,5.044444444444444
426,3.150259067357513
427,13.745098039215685
428,6.720430107526882
429,14.658536585365853
430,6.7
431,17.65714285714286
432,3.2181818181818183
433,10.058823529411764
434,5.981132075471698
435,9.606060606060606
436,20.0
437,9.077922077922079
438,9.693548387096774
439,18.454545454545453
440,125.33333333333333
441,7.802631578947368
442,3.8658536585365852
443,6.89247311827957
444,16.225806451612904
445,3.1333333333333333
446,20.379310344827587
447,5.747826086956522
448,16.11904761904762
449,18.363636363636363
450,9.0
451,4.971631205673759
452,30.63157894736842
453,19.75
454,2.2508038585209005
455,33.89473684210526
456,7.369565217391305
457,8.956521739130435
458,5.4495412844036695
459,9.925373134328359
460,6.610526315789474
461,16.88888888888889
462,7.130434782608695
463,1.5488721804511278
464,4.567375886524823
465,14.761904761904763
466,33.588235294117645
467,5.8655462184873945
468,2.556420233463035
469,4.72463768115942
470,4.702702702702703
471,15.186046511627907
472,7.592592592592593
473,11.214285714285714
474,23.566666666666666
475,16.725
476,21.892857142857142
477,11.24561403508772
478,31.38888888888889
479,4.656488549618321
480,8.602564102564102
481,14.195652173913043
482,13.0
483,7.629213483146067
484,6.072072072072072
485,4.118055555555555
486,27.0
487,63.111111111111114
488,34.8235294117647
489,3.7590361445783134
490,9.267605633802816
491,6.42
492,6.130952380952381
493,4.031847133757962
494,0.0
495,9.409090909090908
496,48.90909090909091
497,11.442307692307692
498,12.24074074074074
499,10.956521739130435
500,108.75
501,31.047619047619047
502,13.386363636363637
503,4.390070921985815
504,84.28571428571429
505,32.72222222222222
506,23.5
507,10.21311475409836
508,11.816326530612244
509,33.625
510,2.424124513618677
511,2.5330882352941178
512,27.727272727272727
513,4.384615384615385
514,9.353846153846154
515,15.046511627906977
516,39.0
517,6.806451612903226
518,4.4963503649635035
519,20.375
520,6.3431372549019605
521,13.44
522,138.0
523,2.7423580786026203
524,8.257142857142858
525,15.972222222222221
526,3.8354430379746836
527,4.6434108527131785
528,46.666666666666664
529,15.613636363636363
530,12.384615384615385
531,14.925
532,26.7
533,11.017241379310345
534,1.7640117994100295
535,19.3
536,9.236842105263158
537,13.285714285714286
538,10.0
539,13.957446808510639
540,6.928571428571429
541,14.883720930232558
542,5.578947368421052
543,6.708333333333333
544,7.415730337078652
545,11.218181818181819
546,5.217821782178218
547,13.02127659574468
548,6.862068965517241
549,7.615384615384615
550,18.027027027027028
551,14.020408163265307
552,16.71794871794872
553,2.6212765957446806
554,30.571428571428573
555,26.523809523809526
556,42.666666666666664
557,21.862068965517242
558,5.730769230769231
559,17.125
560,2.697674418604651
561,25.0
562,8.813333333333333
563,10.898305084745763
564,13.081632653061224
565,29.952380952380953
566,6.621052631578947
567,3.110091743119266
568,5.00709219858156
569,6.561224489795919
570,19.40625
571,41.07142857142857
572,12.909090909090908
573,6.0606060606060606
574,5.5625
575,2.472027972027972
576,4.579710144927536
577,16.054054054054053
578,5.738317757009346
579,28.0
580,7.2967032967032965
581,5.038759689922481
582,4.613636363636363
583,4.902985074626866
584,10.204545454545455
585,17.15
586,3.7657142857142856
587,24.25925925925926
588,3.2322274881516586
589,38.0625
590,5.745762711864407
591,2.568093385214008
592,19.625
593,12.74074074074074
594,7.313253012048193
595,5.0078125
596,6.326923076923077
597,7.1063829787234045
598,3.9393939393939394
599,119.8
600,5.125
601,9.277777777777779
602,16.41025641025641
603,5.271317829457364
604,13.20754716981132
605,5.936936936936937
606,7.6022727272727275
607,4.150943396226415
608,3.4166666666666665
609,4.858156028368795
610,28.4
611,9.08695652173913
612,5.148760330578512
613,85.25
614,5.9576271186440675
615,20.91304347826087
616,74.77777777777777
617,24.88888888888889
618,1.9966329966329965
619,109.4
620,27.58823529411765
621,4.471014492753623
622,4.352941176470588
623,6.08080808080808
624,4.992647058823529
625,18.151515151515152
626,31.227272727272727
627,14.44186046511628
628,38.166666666666664
629,23.692307692307693
630,3.9497206703910615
631,1.79002624671916
632,7.214285714285714
633,4.732283464566929
634,11.882352941176471
635,20.06451612903226
636,3.1519607843137254
637,7.136842105263158
638,4.338235294117647
639,8.424242424242424
640,7.62962962962963
641,2.357638888888889
642,9.116666666666667
643,21.310344827586206
644,3.2819148936170213
645,10.604651162790697
646,19.228571428571428
647,5.954128440366972
648,9.126760563380282
649,13.363636363636363
650,9.704225352112676
651,65.28571428571429
652,14.155555555555555
653,3.1709844559585494
654,5.06015037593985
655,15.043478260869565
656,7.213483146067416
657,31.3
658,13.772727272727273
659,21.64516129032258
660,4.318840579710145
661,1.7941176470588236
662,16.394736842105264
663,6.387096774193548
664,19.79310344827586
665,17.842105263157894
666,7.4523809523809526
667,10.05
668,11.363636363636363
669,6.0265486725663715
670,3.8361581920903953
671,5.460176991150442
672,5.792792792792793
673,16.046511627906977
674,6.277777777777778
675,3.848101265822785
676,2.3069306930693068
677,14.619047619047619
678,9.680851063829786
679,3.838888888888889
680,7.096385542168675
681,10.712121212121213
682,3.3836477987421385
683,60.25
684,6.958762886597938
685,3.2972972972972974
686,30.555555555555557
687,11.7
688,22.214285714285715
689,90.66666666666667
690,3.3560975609756096
691,12.641509433962264
692,5.763636363636364
693,3.744565217391304
694,4.952755905511811
695,3.115183246073298
696,2.347826086956522
697,11.814814814814815
698,6.6415094339622645
699,5.209677419354839
700,19.742857142857144
701,15.763157894736842
702,2.7554585152838427
703,3.7916666666666665
704,51.375
705,6.932584269662922
706,5.710743801652892
707,1.7521613832853027
708,11.5
709,4.489795918367347
710,3.6684491978609626
711,20.575757575757574
712,2.9867256637168142
713,28.285714285714285
714,2.8162393162393164
715,4.985074626865671
716,8.413333333333334
717,12.91304347826087
718,1.8826666666666667
719,20.08823529411765
720,8.135802469135802
721,12.869565217391305
722,4.771653543307087
723,27.304347826086957
724,23.4
725,5.10655737704918
726,9.128571428571428
727,6.6020408163265305
728,2.075
729,20.903225806451612
730,7.549450549450549
731,3.9806451612903224
732,6.715909090909091
733,8.785714285714286
734,10.029850746268657
735,9.0
736,11.912280701754385
737,12.73469387755102
738,7.261904761904762
739,39.6
740,5.546296296296297
741,7.703703703703703
742,2.3247232472324724
743,10.263157894736842
744,4.821917808219178
745,3.634831460674157
746,15.09375
747,4.892561983471074
748,9.846153846153847
749,9.378787878787879
750,14.488372093023257
751,27.17391304347826
752,6.51
753,14.425531914893616
754,18.34375
755,2.7357723577235773
756,27.904761904761905
757,14.179487179487179
758,34.35294117647059
759,16.51219512195122
760,7.656716417910448
761,4.012903225806451
762,1.417233560090703
763,14.051282051282051
764,6.5
765,23.11111111111111
766,5.764705882352941
767,45.76923076923077
768,1.7073863636363635
769,14.977272727272727
770,17.02857142857143
771,1.6064690026954178
772,16.10810810810811
773,36.10526315789474
774,35.875
775,15.096774193548388
776,9.91044776119403
777,16.102564102564102
778,6.875
779,8.272727272727273
780,9.709677419354838
781,11.37037037037037
782,9.564516129032258
783,34.9375
784,6.216216216216216
785,7.0
786,3.479768786127168
787,3.3591160220994474
788,3.5494505494505493
789,28.04
790,10.678571428571429
791,32.31578947368421
792,30.25
793,6.612903225806452
794,22.22222222222222
795,16.153846153846153
796,14.122448979591837
797,6.685393258426966
798,13.26
799,11.706896551724139
800,1.720316622691293
801,22.75
802,10.983050847457626
803,10.734375
804,3.4696132596685083
805,3.0929203539823007
806,6.365384615384615
807,6.848484848484849
808,3.6058823529411765
809,14.30232558139535
810,17.685714285714287
811,21.833333333333332
812,9.647058823529411
813,22.225806451612904
814,31.88888888888889
815,15.710526315789474
816,7.11578947368421
817,4.335714285714285
818,13.638297872340425
819,104.83333333333333
820,3.9814814814814814
821,34.4
822,16.86842105263158
823,6.089108910891089
824,11.641509433962264
825,3.25
826,26.44
827,37.10526315789474
828,13.363636363636363
829,18.96875
830,4.937984496124031
831,4.203947368421052
832,46.357142857142854
833,15.46875
834,26.36
835,28.058823529411764
836,9.23076923076923
837,17.2
838,22.133333333333333
839,75.5
840,3.331578947368421
841,6.525252525252525
842,2.0034129692832763
843,11.610169491525424
844,4.9296875
845,5.822429906542056
846,17.676470588235293
847,12.74468085106383
848,27.772727272727273
849,10.229508196721312
850,7.322222222222222
851,31.095238095238095
852,6.775280898876405
853,1.4301552106430155
854,15.722222222222221
855,3.1473684210526316
856,3.867088607594937
857,14.609756097560975
858,15.609756097560975
859,3.719298245614035
860,13.333333333333334
861,24.74074074074074
862,11.637931034482758
863,6.8979591836734695
864,6.571428571428571
865,21.0
866,6.08256880733945
867,4.563758389261745
868,4.92
869,5.6173913043478265
870,27.333333333333332
871,4.991666666666666
872,161.5
873,7.810126582278481
874,106.4
875,9.876923076923077
876,3.6265060240963853
877,10.910714285714286
878,4.210884353741497
879,7.090909090909091
880,65.55555555555556
881,4.5851851851851855
882,3.1302083333333335
883,2.5907335907335907
884,13.365384615384615
885,9.17142857142857
886,4.076470588235294
887,15.659090909090908
888,9.012987012987013
889,3.6042780748663104
890,21.586206896551722
891,6.817204301075269
892,24.181818181818183
893,6.711340206185567
894,25.24
895,3.7777777777777777
896,6.359223300970874
897,11.051724137931034
898,2.3540856031128405
899,53.72727272727273
900,1.2456813819577734
901,9.453125
902,58.1
903,9.1
904,22.9
905,22.17241379310345
906,2.2724137931034485
907,8.357142857142858
908,3.455056179775281
909,1.9223880597014926
910,18.28125
911,8.56338028169014
912,32.8125
913,10.014705882352942
914,10.827586206896552
915,5.543859649122807
916,3.8734177215189876
917,19.08
918,5.381818181818182
919,5.342342342342342
920,3.7344632768361583
921,68.625
922,5.43801652892562
923,6.76530612244898
924,7.5
925,8.430555555555555
926,3.3932038834951457
927,16.195121951219512
928,5.52991452991453
929,3.073170731707317
930,15.357142857142858
931,15.944444444444445
932,5.135338345864661
933,11.377358490566039
934,4.516778523489933
935,12.48076923076923
936,2.157190635451505
937,9.968253968253968
938,22.73076923076923
939,5.787037037037037
940,9.174603174603174
941,6.0495049504950495
942,3.239130434782609
943,6.453608247422681
944,7.011111111111111
945,13.25
946,5.863247863247863
947,3.522613065326633
948,160.0
949,4.966386554621849
950,10.333333333333334
951,40.76470588235294
952,6.07
953,6.858585858585859
954,12.959183673469388
955,3.314720812182741
956,1.5789473684210527
957,1.8111702127659575
958,60.3
959,11.339622641509434
960,6.838383838383838
961,8.720588235294118
962,11.83673469387755
963,13.9
964,8.782608695652174
965,15.511111111111111
966,35.25
967,64.11111111111111
968,4.305732484076433
969,78.0
970,40.4
971,5.554621848739496
972,3.6198830409356724
973,8.541666666666666
974,17.35135135135135
975,3.7160493827160495
976,8.394736842105264
977,18.21875
978,8.585714285714285
979,3.988372093023256
980,24.153846153846153
981,19.0625
982,2.1466666666666665
983,3.8058823529411763
984,22.703703703703702
985,7.288659793814433
986,7.940476190476191
987,9.72463768115942
988,5.351145038167939
989,4.466216216216216
990,32.333333333333336
991,25.875
992,7.493827160493828
993,5.189655172413793
994,34.2
995,30.142857142857142
996,5.531746031746032
997,7.883720930232558
998,3.2169312169312168
999,15.043478260869565
1000,5.173228346456693
1001,8.784810126582279
1002,22.785714285714285
1003,13.936170212765957
1004,2.9668246445497632
1005,3.5903614457831323
1006,60.9
1007,5.678571428571429
1008,17.485714285714284
1009,23.5
1010,9.043478260869565
1011,4.932835820895522
1012,6.202020202020202
1013,22.551724137931036
1014,4.705882352941177
1015,6.446601941747573
1016,19.727272727272727
1017,11.2
1018,4.725352112676056
1019,17.275
1020,4.091503267973856
1021,6.977011494252873
1022,15.852941176470589
1023,1.6843575418994414
1024,5.266666666666667
1025,11.033898305084746
1026,17.666666666666668
1027,17.72972972972973
1028,43.666666666666664
1029,2.5949367088607596
1030,19.433333333333334
1031,3.967479674796748
1032,6.546511627906977
1033,21.615384615384617
1034,9.984615384615385
1035,65.0
1036,22.2
1037,22.258064516129032
1038,2.7927927927927927
1039,7.894736842105263
1040,2.968609865470852
1041,3.4193548387096775
1042,3.0593607305936072
1043,34.9375
1044,34.31578947368421
1045,2.8868778280542986
1046,4.6
1047,8.26388888888889
1048,6.606741573033708
1049,13.727272727272727
1050,5.440366972477064
1051,13.717391304347826
1052,21.714285714285715
1053,6.25
1054,14.75
1055,8.337662337662337
1056,12.849056603773585
1057,3.7485714285714287
1058,1.7704918032786885
1059,130.25
1060,10.82258064516129
1061,5.7592592592592595
1062,3.282051282051282
1063,10.74
1064,13.953488372093023
1065,13.9375
1066,2.8110599078341014
1067,11.53448275862069
1068,8.785714285714286
1069,11.76923076923077
1070,4.547297297297297
1071,8.450704225352112
1072,11.150943396226415
1073,5.405405405405405
1074,4.908333333333333
1075,11.017241379310345
1076,7.6625
1077,11.88888888888889
1078,2.772093023255814
1079,13.488372093023257
1080,13.36
1081,5.07258064516129
1082,5.3984375
1083,14.270833333333334
1084,4.067901234567901
1085,6.177083333333333
1086,22.285714285714285
1087,5.017543859649122
1088,7.6022727272727275
1089,8.148148148148149
1090,53.81818181818182
1091,5.576923076923077
1092,16.83783783783784
1093,24.346153846153847
1094,8.117647058823529
1095,21.551724137931036
1096,16.5609756097561
1097,5.2362204724409445
1098,2.3523131672597866
1099,20.333333333333332
1100,25.608695652173914
1101,38.86666666666667
1102,8.947368421052632
1103,3.382857142857143
1104,5.821428571428571
1105,104.16666666666667
1106,18.243243243243242
1107,30.428571428571427
1108,27.636363636363637
1109,7.597560975609756
1110,5.612903225806452
1111,2.5763358778625953
1112,12.88888888888889
1113,4.018867924528302
1114,17.1
1115,15.69047619047619
1116,13.588235294117647
1117,4.458064516129032
1118,33.125
1119,9.523809523809524
1120,8.506666666666666
1121,10.89655172413793
1122,5.746268656716418
1123,10.307692307692308
1124,10.741935483870968
1125,10.615384615384615
1126,21.75
1127,23.03846153846154
1128,3.9545454545454546
1129,8.971428571428572
1130,2.8514056224899598
1131,7.521739130434782
1132,15.340909090909092
1133,7.020618556701031
1134,12.808510638297872
1135,11.672413793103448
1136,12.303571428571429
1137,5.260162601626016
1138,3.680628272251309
1139,7.558139534883721
1140,36.875
1141,11.25925925925926
1142,2.827004219409283
1143,47.583333333333336
1144,29.565217391304348
1145,11.616666666666667
1146,2.4698795180722892
1147,12.153846153846153
1148,25.76923076923077
1149,38.93333333333333
1150,34.92307692307692
1151,4.9411764705882355
1152,10.428571428571429
1153,12.169811320754716
1154,5.286885245901639
1155,22.75
1156,20.928571428571427
1157,7.123595505617978
1158,3.5055555555555555
1159,3.1693121693121693
1160,5.6902654867256635
1161,12.25
1162,12.580645161290322
1163,4.9489051094890515
1164,6.938144329896907
1165,11.125
1166,2.0718954248366015
1167,4.764705882352941
1168,9.579710144927537
1169,6.106796116504855
1170,84.71428571428571
1171,20.310344827586206
1172,4.889655172413793
1173,19.875
1174,6.137254901960785
1175,4.92741935483871
1176,42.46666666666667
1177,36.6875
1178,3.448453608247423
1179,3.5542857142857143
1180,4.684615384615385
1181,8.354430379746836
1182,6.635416666666667
1183,84.14285714285714
1184,56.916666666666664
1185,14.204081632653061
1186,9.67142857142857
1187,5.756756756756757
1188,4.909836065573771
1189,12.86
1190,3.151219512195122
1191,6.602150537634409
1192,8.402597402597403
1193,3.8461538461538463
1194,10.771929824561404
1195,18.583333333333332
1196,23.074074074074073
1197,4.924812030075188
1198,14.023809523809524
1199,25.285714285714285
1200,21.310344827586206
1201,17.83783783783784
1202,27.708333333333332
1203,4.236486486486487
1204,10.0
1205,4.711111111111111
1206,2.3333333333333335
1207,7.067415730337078
1208,12.306122448979592
1209,31.789473684210527
1210,19.59375
1211,4.760869565217392
1212,100.16666666666667
1213,16.047619047619047
1214,88.57142857142857
1215,42.0
1216,5.176470588235294
1217,13.422222222222222
1218,6.965116279069767
1219,5.736363636363636
1220,23.807692307692307
1221,41.07142857142857
1222,4.371794871794871
1223,12.630434782608695
1224,8.027027027027026
1225,9.863636363636363
1226,8.082191780821917
1227,7.743589743589744
1228,1.4946695095948828
1229,2.28
1230,31.5
1231,11.846153846153847
1232,27.0
1233,23.107142857142858
1234,6.881720430107527
1235,34.76470588235294
1236,3.672727272727273
1237,25.35
1238,15.23913043478261
1239,24.6
1240,3.4189944134078214
1241,9.386666666666667
1242,19.7
1243,32.86666666666667
1244,20.225806451612904
1245,3.0283018867924527
1246,7.217391304347826
1247,5.414414414414415
1248,4.6571428571428575
1249,28.38095238095238
1250,103.0
1251,12.224489795918368
1252,14.977272727272727
1253,47.27272727272727
1254,96.66666666666667
1255,25.36
1256,4.369426751592357
1257,19.903225806451612
1258,3.3254716981132075
1259,19.133333333333333
1260,5.325581395348837
1261,3.65
1262,31.0
1263,5.981981981981982
1264,5.52542372881356
1265,13.177777777777777
1266,6.443396226415095
1267,9.84375
1268,10.080645161290322
1269,7.465116279069767
1270,9.746031746031745
1271,4.821138211382114
1272,2.7228915662650603
1273,40.2
1274,2.616
1275,37.0
1276,37.0625
1277,2.7333333333333334
1278,33.5
1279,3.949044585987261
1280,28.571428571428573
1281,20.0
1282,3.8867924528301887
1283,12.553191489361701
1284,5.185185185185185
1285,5.064
1286,21.384615384615383
1287,7.05050505050505
1288,14.466666666666667
1289,1.8363636363636364
1290,23.357142857142858
1291,6.79
1292,26.26923076923077
1293,4.102564102564102
1294,11.092592592592593
1295,10.612903225806452
1296,8.08974358974359
1297,5.532258064516129
1298,12.375
1299,4.925925925925926
1300,9.301369863013699
1301,9.52112676056338
1302,18.484848484848484
1303,3.588235294117647
1304,7.926829268292683
1305,2.441666666666667
1306,4.222972972972973
1307,4.114864864864865
1308,24.608695652173914
1309,88.83333333333333
1310,19.35483870967742
1311,35.06666666666667
1312,5.62280701754386
1313,20.24137931034483
1314,2.125
1315,112.8
1316,12.962264150943396
1317,3.9482758620689653
1318,8.464788732394366
1319,14.545454545454545
1320,48.214285714285715
1321,3.558659217877095
1322,41.266666666666666
1323,66.3
1324,14.80952380952381
1325,10.161290322580646
1326,2.57201646090535
1327,32.888888888888886
1328,9.027777777777779
1329,22.655172413793103
1330,8.3875
1331,6.793814432989691
1332,11.224137931034482
1333,5.138211382113822
1334,13.444444444444445
1335,19.066666666666666
1336,5.724137931034483
1337,2.853080568720379
1338,4.619718309859155
1339,108.16666666666667
1340,11.981481481481481
1341,45.53846153846154
1342,57.18181818181818
1343,52.09090909090909
1344,22.37037037037037
1345,12.722222222222221
1346,9.253731343283581
1347,5.89908256880734
1348,23.565217391304348
1349,3.822857142857143
1350,7.053191489361702
1351,8.592592592592593
1352,4.991596638655462
1353,5.532258064516129
1354,8.037974683544304
1355,62.18181818181818
1356,8.451219512195122
1357,7.939024390243903
1358,5.833333333333333
1359,9.098591549295774
1360,26.869565217391305
1361,63.45454545454545
1362,9.94915254237288
1363,12.72
1364,5.13768115942029
1365,50.857142857142854
1366,2.9348837209302325
1367,2.8230452674897117
1368,19.0
1369,5.088235294117647
1370,7.404761904761905
1371,13.125
1372,25.56
1373,16.641025641025642
1374,7.2272727272727275
1375,5.75
1376,3.3777777777777778
1377,20.58823529411765
1378,5.793103448275862
1379,1.617948717948718
1380,26.8
1381,15.473684210526315
1382,6.126126126126126
1383,5.293103448275862
1384,18.9375
1385,6.869565217391305
1386,69.375
1387,10.934426229508198
1388,5.323076923076923
1389,15.076923076923077
1390,4.285714285714286
1391,4.608108108108108
1392,6.26595744680851
1393,3.455026455026455
1394,4.090277777777778
1395,17.027027027027028
1396,2.86734693877551
1397,2.5269709543568464
1398,30.15
1399,18.03030303030303
1400,53.72727272727273
1401,12.326530612244898
1402,4.153846153846154
1403,4.676923076923077
1404,16.92105263157895
1405,12.134615384615385
1406,6.536082474226804
1407,19.903225806451612
1408,11.148148148148149
1409,7.294117647058823
1410,17.289473684210527
1411,67.4
1412,9.28
1413,23.346153846153847
1414,39.93333333333333
1415,23.40740740740741
1416,129.2
1417,12.470588235294118
1418,8.519480519480519
1419,1.657216494845361
1420,8.67142857142857
1421,3.5743589743589745
1422,60.0
1423,3.875
1424,9.851851851851851
1425,5.733333333333333
1426,11.193548387096774
1427,9.478260869565217
1428,4.578947368421052
1429,7.7272727272727275
1430,2.7370689655172415
1431,4.755905511811024
1432,77.88888888888889
1433,80.0
1434,3.201058201058201
1435,52.63636363636363
1436,70.28571428571429
1437,7.52808988764045
1438,20.441176470588236
1439,21.923076923076923
1440,6.988636363636363
1441,47.23076923076923
1442,35.166666666666664
1443,4.064935064935065
1444,30.42105263157895
1445,3.9371069182389937
1446,14.65
1447,18.61111111111111
1448,7.4324324324324325
1449,14.416666666666666
1450,9.754098360655737
1451,2.851674641148325
1452,2.4157303370786516
1453,1.5286783042394014
1454,4.6
1455,20.166666666666668
1456,8.681818181818182
1457,20.741935483870968
1458,5.2844827586206895
1459,8.819444444444445
1460,11.0
1461,3.072398190045249
1462,5.394736842105263
1463,5.658333333333333
1464,8.4
1465,12.830188679245284
1466,19.857142857142858
1467,1.9311294765840221
1468,6.8311688311688314
1469,13.512820512820513
1470,5.383928571428571
1471,19.93548387096774
1472,82.5
1473,5.669811320754717
1474,9.014492753623188
1475,2.2900763358778624
1476,2.4635036496350367
1477,39.93333333333333
1478,80.2
1479,1.5393258426966292
1480,21.555555555555557
1481,4.7251908396946565
1482,32.76470588235294
1483,7.204081632653061
1484,6.122448979591836
1485,10.46875
1486,43.42857142857143
1487,17.61764705882353
1488,8.408450704225352
1489,1.738544474393531
1490,3.810810810810811
1491,2.443579766536965
1492,7.775280898876405
1493,24.5
1494,11.363636363636363
1495,3.8944099378881987
1496,50.81818181818182
1497,66.33333333333333
1498,22.26923076923077
1499,7.313253012048193
1500,12.977777777777778
1501,3.3833333333333333
1502,14.130434782608695
1503,36.1764705882353
1504,39.666666666666664
1505,5.474747474747475
1506,5.312
1507,23.92
1508,8.012820512820513
1509,3.6022099447513813
1510,1.248015873015873
1511,4.846153846153846
1512,9.22972972972973
1513,10.171875
1514,10.68421052631579
1515,7.252747252747253
1516,24.0
1517,5.275
1518,22.0
1519,22.448275862068964
1520,4.6976744186046515
1521,19.96551724137931
1522,17.451612903225808
1523,11.92
1524,11.830188679245284
1525,20.966666666666665
1526,3.2731958762886597
1527,2.675889328063241
1528,3.285
1529,3.347826086956522
1530,13.021739130434783
1531,15.609756097560975
1532,8.226666666666667
1533,27.90909090909091
1534,2.3463035019455254
1535,3.4371584699453552
1536,4.611111111111111
1537,5.981308411214953
1538,23.0
1539,58.3
1540,4.78125
1541,5.959595959595959
1542,6.457142857142857
1543,8.112676056338028
1544,13.979166666666666
1545,4.01875
1546,7.375
1547,2.9555555555555557
1548,6.572815533980583
1549,4.6381578947368425
1550,2.9638009049773757
1551,38.166666666666664
1552,17.314285714285713
1553,67.8
1554,20.08823529411765
1555,8.381578947368421
1556,4.730769230769231
1557,3.757575757575758
1558,5.237037037037037
1559,13.0
1560,13.790697674418604
1561,104.8
1562,15.794871794871796
1563,6.32258064516129
1564,17.771428571428572
1565,19.7
1566,2.658008658008658
1567,4.313868613138686
1568,8.121621621621621
1569,7.688888888888889
1570,10.92156862745098
1571,15.476190476190476
1572,12.346938775510203
1573,8.838235294117647
1574,22.666666666666668
1575,11.5
1576,37.55555555555556
1577,8.583333333333334
1578,6.9879518072289155
1579,1.685230024213075
1580,4.251612903225807
1581,10.185185185185185
1582,14.764705882352942
1583,31.63157894736842
1584,2.869387755102041
1585,4.753731343283582
1586,9.73015873015873
1587,10.4
1588,3.1020408163265305
1589,34.94444444444444
1590,5.072463768115942
1591,7.354838709677419
1592,12.16
1593,15.170731707317072
1594,6.738636363636363
1595,5.450819672131147
1596,25.32
1597,12.653061224489797
1598,2.4979423868312756
1599,4.4480519480519485
1600,13.875
1601,33.38095238095238
1602,4.416666666666667
1603,42.54545454545455
1604,4.087837837837838
1605,10.732142857142858
1606,31.0
1607,5.355371900826446
1608,16.026315789473685
1609,2.0458715596330275
1610,47.5
1611,14.088888888888889
1612,5.286821705426356
1613,5.467213114754099
1614,8.826086956521738
1615,16.675675675675677
1616,16.594594594594593
1617,9.133333333333333
1618,6.738636363636363
1619,3.6294117647058823
1620,2.379182156133829
1621,8.012987012987013
1622,7.450549450549451
1623,4.82258064516129
1624,8.214285714285714
1625,16.416666666666668
1626,166.5
1627,7.131868131868132
1628,35.333333333333336
1629,73.33333333333333
1630,3.3535911602209945
1631,2.240875912408759
1632,10.033333333333333
1633,3.932584269662921
1634,8.628205128205128
1635,33.529411764705884
1636,32.0
1637,10.491803278688524
1638,12.630434782608695
1639,6.934065934065934
1640,5.352941176470588
1641,14.738095238095237
1642,5.811965811965812
1643,16.102564102564102
1644,39.86666666666667
1645,78.71428571428571
1646,10.833333333333334
1647,51.833333333333336
1648,6.568421052631579
1649,12.787234042553191
1650,6.189473684210526
1651,11.114754098360656
1652,18.972972972972972
1653,1.6621983914209115
1654,16.55263157894737
1655,30.565217391304348
1656,63.1
1657,21.25925925925926
1658,10.586206896551724
1659,5.19327731092437
1660,12.403846153846153
1661,15.348837209302326
1662,7.910256410256411
1663,3.7901234567901234
1664,20.533333333333335
1665,7.173913043478261
1666,7.63013698630137
1667,25.153846153846153
1668,7.868421052631579
1669,75.11111111111111
1670,35.411764705882355
1671,16.842105263157894
1672,10.634920634920634
1673,6.4945054945054945
1674,44.875
1675,5.989583333333333
1676,7.035714285714286
1677,4.029239766081871
1678,8.3
1679,20.575757575757574
1680,12.156862745098039
1681,7.197530864197531
1682,69.22222222222223
1683,8.382716049382717
1684,13.978260869565217
1685,7.892857142857143
1686,7.0
1687,5.922330097087379
1688,18.242424242424242
1689,6.315315315315315
1690,12.808510638297872
1691,12.833333333333334
1692,5.626016260162602
1693,4.108843537414966
1694,3.6325301204819276
1695,4.871428571428571
1696,10.1
1697,14.8
1698,19.625
1699,24.4
1700,20.75862068965517
1701,21.535714285714285
1702,19.607142857142858
1703,3.4508670520231215
1704,20.085714285714285
1705,4.54054054054054
1706,36.23529411764706
1707,1.781491002570694
1708,11.0
1709,8.394736842105264
1710,4.562913907284768
1711,57.9
1712,28.65
1713,20.757575757575758
1714,68.55555555555556
1715,13.490196078431373
1716,4.811023622047244
1717,7.670588235294118
1718,19.735294117647058
1719,9.114285714285714
1720,4.474820143884892
1721,37.1875
1722,4.0
1723,8.64102564102564
1724,6.739130434782608
1725,34.833333333333336
1726,4.77536231884058
1727,4.5
1728,28.571428571428573
1729,8.615384615384615
1730,5.137404580152672
1731,9.27536231884058
1732,6.850574712643678
1733,22.612903225806452
1734,30.0
1735,7.141176470588236
1736,24.0
1737,22.25925925925926
1738,11.310344827586206
1739,18.757575757575758
1740,2.2888888888888888
1741,41.42857142857143
1742,2.3076923076923075
1743,14.952380952380953
1744,12.115384615384615
1745,5.776859504132231
1746,19.71875
1747,8.423076923076923
1748,2.916256157635468
1749,5.321739130434783
1750,32.333333333333336
1751,5.390625
1752,4.482758620689655
1753,2.207885304659498
1754,3.8057142857142856
1755,20.0
1756,11.368421052631579
1757,52.5
1758,10.104477611940299
1759,4.184397163120567
1760,14.061224489795919
1761,19.580645161290324
1762,2.247272727272727
1763,4.550724637681159
1764,5.796116504854369
1765,10.68421052631579
1766,20.032258064516128
1767,2.6769230769230767
1768,9.754098360655737
1769,5.297709923664122
1770,2.1258064516129034
1771,56.72727272727273
1772,6.804597701149425
1773,7.523809523809524
1774,10.016129032258064
1775,3.5384615384615383
1776,3.3430232558139537
1777,8.5
1778,3.1144278606965172
1779,6.795918367346939
1780,16.375
1781,6.98876404494382
1782,19.363636363636363
1783,7.975609756097561
1784,17.128205128205128
1785,8.780821917808218
1786,15.421052631578947
1787,12.320754716981131
1788,4.56390977443609
1789,31.80952380952381
1790,13.48936170212766
1791,4.856
1792,5.6875
1793,13.192307692307692
1794,9.31081081081081
1795,1.257085020242915
1796,12.411764705882353
1797,6.0
1798,16.27027027027027
1799,12.470588235294118
1800,8.733333333333333
1801,10.448275862068966
1802,11.68
1803,3.3804878048780487
1804,2.5040983606557377
1805,8.794520547945206
1806,5.171875
1807,3.0894736842105264
1808,7.758620689655173
1809,12.418181818181818
1810,2.690265486725664
1811,44.92307692307692
1812,6.340425531914893
1813,144.25
1814,12.08
1815,8.428571428571429
1816,4.5928571428571425
1817,13.195652173913043
1818,11.796610169491526
1819,9.203125
1820,7.8
1821,5.95575221238938
1822,3.855421686746988
1823,2.315175097276265
1824,4.380952380952381
1825,13.973684210526315
1826,6.147058823529412
1827,18.7027027027027
1828,7.56
1829,2.4147286821705425
1830,0.0
1831,4.145833333333333
1832,11.333333333333334
1833,8.91025641025641
1834,5.0
1835,2.776
1836,7.430232558139535
1837,4.9375
1838,18.0625
1839,6.287234042553192
1840,15.5
1841,18.875
1842,31.105263157894736
1843,18.37837837837838
1844,7.65
1845,4.590277777777778
1846,26.434782608695652
1847,6.468085106382978
1848,5.778846153846154
1849,4.517006802721088
1850,3.0837696335078535
1851,17.333333333333332
1852,3.090497737556561
1853,22.724137931034484
1854,2.9555555555555557
1855,57.09090909090909
1856,2.1223241590214066
1857,10.194029850746269
1858,9.5
1859,19.419354838709676
1860,9.87037037037037
1861,7.111111111111111
1862,5.455357142857143
1863,38.083333333333336
1864,4.366906474820144
1865,4.260869565217392
1866,36.4
1867,12.755102040816327
1868,21.1875
1869,5.898148148148148
1870,17.16216216216216
1871,34.333333333333336
1872,5.0
1873,3.7679558011049723
1874,19.366666666666667
1875,16.783783783783782
1876,125.6
1877,11.655172413793103
1878,28.916666666666668
1879,2.473684210526316
1880,20.161290322580644
1881,5.786407766990291
1882,26.695652173913043
1883,6.64
1884,21.862068965517242
1885,49.583333333333336
1886,25.53846153846154
1887,7.928571428571429
1888,56.75
1889,13.568181818181818
1890,13.673913043478262
1891,17.055555555555557
1892,3.0049751243781095
1893,36.05882352941177
1894,13.585365853658537
1895,13.695652173913043
1896,5.678571428571429
1897,0.0
1898,15.76923076923077
1899,10.378787878787879
1900,10.836363636363636
1901,2.0634920634920637
1902,33.1578947368421
1903,18.393939393939394
1904,22.666666666666668
1905,9.283783783783784
1906,4.208333333333333
1907,2.3463035019455254
1908,13.763157894736842
1909,28.571428571428573
1910,23.68
1911,5.165217391304348
1912,6.833333333333333
1913,16.785714285714285
1914,4.794326241134752
1915,26.91304347826087
1916,5.484126984126984
1917,2.7142857142857144
1918,10.457627118644067
1919,9.054794520547945
1920,6.820224719101123
1921,5.76595744680851
1922,6.3431372549019605
1923,4.6453900709219855
1924,3.1473684210526316
1925,5.752380952380952
1926,9.492063492063492
1927,8.685714285714285
1928,6.099099099099099
1929,12.298245614035087
1930,4.4222222222222225
1931,7.329411764705882
1932,10.272727272727273
1933,10.166666666666666
1934,34.8
1935,4.061224489795919
1936,3.144186046511628
1937,4.962686567164179
1938,22.857142857142858
1939,10.102941176470589
1940,9.32394366197183
1941,5.254237288135593
1942,4.6183206106870225
1943,4.180722891566265
1944,4.079470198675497
1945,35.44444444444444
1946,14.0625
1947,7.011764705882353
1948,7.7875
1949,13.88888888888889
1950,23.0
1951,46.42857142857143
1952,19.5
1953,6.59375
1954,5.0852713178294575
1955,5.838983050847458
1956,11.631578947368421
1957,15.13953488372093
1958,19.666666666666668
1959,6.688888888888889
1960,8.75
1961,8.461538461538462
1962,5.521739130434782
1963,12.918367346938776
1964,9.412698412698413
1965,4.21830985915493
1966,4.991596638655462
1967,10.117647058823529
1968,8.151898734177216
1969,3.1029411764705883
1970,10.864406779661017
1971,5.122137404580153
1972,6.758620689655173
1973,5.638297872340425
1974,2.9216867469879517
1975,2.329824561403509
1976,4.615942028985507
1977,19.59259259259259
1978,8.180722891566266
1979,7.095744680851064
1980,12.32
1981,6.583333333333333
1982,4.283687943262412
1983,18.352941176470587
1984,10.666666666666666
1985,4.75177304964539
1986,47.166666666666664
1987,8.585714285714285
1988,4.891472868217054
1989,4.674074074074074
1990,5.517857142857143
1991,14.952380952380953
1992,19.5
1993,8.178082191780822
1994,15.80952380952381
1995,4.205673758865248
1996,6.0636363636363635
1997,10.847457627118644
1998,2.1085526315789473
1999,12.680851063829786
2000,11.203389830508474
2001,20.59375
2002,11.964285714285714
2003,16.8
2004,2.8660714285714284
2005,12.82
2006,6.96969696969697
2007,4.05
2008,10.646153846153846
2009,10.433333333333334
2010,12.829787234042554
2011,6.401960784313726
2012,2.814159292035398
2013,6.9753086419753085
2014,14.142857142857142
2015,5.504347826086956
2016,6.783505154639175
2017,4.162337662337662
2018,5.966101694915254
2019,2.432
2020,3.0093457943925235
2021,9.661764705882353
2022,7.325301204819277
2023,6.932584269662922
2024,7.2555555555555555
2025,20.161290322580644
2026,35.6875
2027,5.9375
2028,7.872093023255814
2029,12.840909090909092
2030,7.142857142857143
2031,51.90909090909091
2032,10.426229508196721
2033,7.021978021978022
2034,5.38655462184874
2035,11.72549019607843
2036,12.617021276595745
2037,6.829545454545454
2038,11.655172413793103
2039,13.18867924528302
2040,2.6375
2041,4.722222222222222
2042,23.37037037037037
2043,9.967213114754099
2044,13.74468085106383
2045,25.42105263157895
2046,14.0
2047,6.640449438202247
2048,23.892857142857142
2049,19.5
2050,4.732876712328767
2051,2.365079365079365
2052,98.33333333333333
2053,4.326086956521739
2054,26.64
2055,4.808
2056,8.842857142857143
2057,5.691588785046729
2058,4.6866666666666665
2059,12.875
2060,19.129032258064516
2061,30.61111111111111
2062,3.8333333333333335
2063,8.354430379746836
2064,3.144144144144144
2065,7.690476190476191
2066,7.5
2067,121.0
2068,6.108910891089109
2069,8.972602739726028
2070,1.7024793388429753
2071,3.8701298701298703
2072,53.09090909090909
2073,8.913793103448276
2074,19.321428571428573
2075,5.930434782608696
2076,3.178743961352657
2077,6.887640449438202
2078,10.430769230769231
2079,6.6421052631578945
2080,6.840425531914893
2081,18.903225806451612
2082,3.910828025477707
2083,2.1346801346801345
2084,5.401785714285714
2085,2.5764705882352943
2086,1.6925133689839573
2087,3.385
2088,6.634615384615385
2089,20.264705882352942
2090,12.39622641509434
2091,40.46666666666667
2092,4.851063829787234
2093,32.94117647058823
2094,8.917808219178083
2095,6.378378378378378
2096,20.666666666666668
2097,3.7289156626506026
2098,46.0
2099,13.979166666666666
2100,10.508771929824562
2101,63.0
2102,6.75
2103,21.533333333333335
2104,29.476190476190474
2105,25.88888888888889
2106,9.617021276595745
2107,7.267441860465116
2108,5.008264462809917
2109,5.7727272727272725
2110,3.4362745098039214
2111,5.859649122807017
2112,6.490566037735849
2113,10.844827586206897
2114,4.52054794520548
2115,2.564516129032258
2116,3.7945945945945945
2117,9.612903225806452
2118,22.807692307692307
2119,15.710526315789474
2120,12.288461538461538
2121,4.861788617886178
2122,54.5
2123,10.033898305084746
2124,3.485
2125,6.864583333333333
2126,5.307017543859649
2127,28.043478260869566
2128,9.85483870967742
2129,4.2785714285714285
2130,7.070588235294117
2131,5.154545454545454
2132,17.77777777777778
2133,5.198347107438017
2134,8.73076923076923
2135,14.292682926829269
2136,37.111111111111114
2137,3.9358974358974357
2138,9.370967741935484
2139,2.6639344262295084
2140,12.25531914893617
2141,8.19767441860465
2142,7.166666666666667
2143,74.5
2144,12.6
2145,18.46875
2146,12.62962962962963
2147,6.883720930232558
2148,5.475
2149,6.369565217391305
2150,61.125
2151,17.236842105263158
2152,23.8
2153,17.166666666666668
2154,5.716981132075472
2155,53.54545454545455
2156,7.067415730337078
2157,50.81818181818182
2158,5.747663551401869
2159,6.56043956043956
2160,11.175438596491228
2161,17.05128205128205
2162,4.636363636363637
2163,44.5
2164,7.783783783783784
2165,56.63636363636363
2166,19.0
2167,8.070422535211268
2168,3.6648936170212765
2169,16.82857142857143
2170,2.753191489361702
2171,6.101010101010101
2172,6.333333333333333
2173,9.428571428571429
2174,16.65714285714286
2175,35.0
2176,4.453846153846154
2177,184.33333333333334
2178,3.992481203007519
2179,14.75
2180,18.75
2181,12.6
2182,8.207317073170731
2183,4.215277777777778
2184,3.279187817258883
2185,7.247422680412371
2186,6.7
2187,14.55813953488372
2188,4.744
2189,8.063291139240507
2190,3.3421052631578947
2191,44.666666666666664
2192,27.076923076923077
2193,7.43010752688172
2194,2.2516339869281046
2195,7.792207792207792
2196,9.338461538461539
2197,13.73913043478261
2198,2.5095057034220534
2199,4.13103448275862
2200,3.8833333333333333
2201,12.0
2202,35.23529411764706
2203,8.060240963855422
2204,4.074324324324325
2205,6.730769230769231
2206,16.525
2207,3.203791469194313
2208,4.059880239520958
2209,3.3386243386243386
2210,16.9375
2211,9.5
2212,12.282608695652174
2213,12.660377358490566
2214,42.857142857142854
2215,5.300813008130081
2216,18.272727272727273
2217,3.6882352941176473
2218,37.10526315789474
2219,27.043478260869566
2220,46.53846153846154
2221,5.423423423423423
2222,16.925
2223,3.947058823529412
2224,6.666666666666667
2225,7.366666666666666
2226,1.7017045454545454
2227,3.820689655172414
2228,4.412162162162162
2229,11.163636363636364
2230,16.606060606060606
2231,8.16470588235294
2232,18.27777777777778
2233,2.922727272727273
2234,3.8520710059171597
2235,7.382716049382716
2236,3.1475409836065573
2237,4.693430656934306
2238,4.211267605633803
2239,18.90625
2240,4.621621621621622
2241,9.0
2242,6.945652173913044
2243,14.279069767441861
2244,3.210526315789474
2245,4.9140625
2246,77.6
2247,9.103896103896103
2248,26.24
2249,74.66666666666667
2250,10.5
2251,27.347826086956523
2252,3.0837004405286343
2253,24.03846153846154
2254,7.626865671641791
2255,30.57894736842105
2256,22.22222222222222
2257,9.378378378378379
2258,13.959183673469388
2259,55.90909090909091
2260,5.581196581196581
2261,2.68
2262,4.855072463768116
2263,2.1733746130030958
2264,2.2284644194756553
2265,8.5
2266,4.838461538461538
2267,10.576271186440678
2268,24.954545454545453
2269,3.4204545454545454
2270,2.7094017094017095
2271,12.488888888888889
2272,10.898305084745763
2273,12.428571428571429
2274,10.73015873015873
2275,5.239669421487603
2276,19.93103448275862
2277,6.242718446601942
2278,13.232558139534884
2279,10.928571428571429
2280,3.981818181818182
2281,6.793478260869565
2282,7.842105263157895
2283,37.588235294117645
2284,2.728506787330317
2285,9.333333333333334
2286,23.076923076923077
2287,18.12121212121212
2288,5.642857142857143
2289,6.953488372093023
2290,11.566037735849056
2291,11.20754716981132
2292,6.701030927835052
2293,17.805555555555557
2294,4.568345323741007
2295,8.256410256410257
2296,2.9174757281553396
2297,16.682926829268293
2298,8.407894736842104
2299,10.0
2300,5.3652173913043475
2301,6.296296296296297
2302,8.23611111111111
2303,10.193548387096774
2304,7.130434782608695
2305,6.157894736842105
2306,39.75
2307,4.204819277108434
2308,23.785714285714285
2309,54.27272727272727
2310,10.323076923076924
2311,11.236363636363636
2312,2.0847457627118646
2313,60.4
2314,7.156626506024097
2315,98.66666666666667
2316,21.56
2317,5.125
2318,2.4956896551724137
2319,8.223529411764705
2320,26.083333333333332
2321,38.88235294117647
2322,2.51953125
2323,19.896551724137932
2324,5.303030303030303
2325,8.666666666666666
2326,14.585365853658537
2327,21.34375
2328,4.564935064935065
2329,5.4526315789473685
2330,9.953846153846154
2331,7.640449438202247
2332,41.266666666666666
2333,29.818181818181817
2334,2.3456375838926173
2335,15.069767441860465
2336,9.666666666666666
2337,1.34009009009009
2338,9.721311475409836
2339,67.77777777777777
2340,5.788135593220339
2341,2.8722466960352424
2342,3.861635220125786
2343,3.020408163265306
2344,11.072727272727272
2345,7.191489361702128
2346,23.413793103448278
2347,7.825
2348,17.0
2349,9.6875
2350,15.973684210526315
2351,2.4126984126984126
2352,16.875
2353,47.07142857142857
2354,8.22972972972973
2355,38.1875
2356,7.023255813953488
2357,27.125
2358,8.56578947368421
2359,4.435114503816794
2360,2.368231046931408
2361,6.67816091954023
2362,17.81081081081081
2363,14.731707317073171
2364,5.469026548672566
2365,16.571428571428573
2366,4.419117647058823
2367,5.982142857142857
2368,23.76
2369,8.333333333333334
2370,4.392857142857143
2371,7.641304347826087
2372,9.265625
2373,5.989690721649485
2374,8.714285714285714
2375,7.410526315789474
2376,4.386206896551724
2377,9.356164383561644
2378,4.42
2379,12.098039215686274
2380,4.337931034482758
2381,6.786516853932584
2382,16.676470588235293
2383,43.357142857142854
2384,35.473684210526315
2385,3.358695652173913
2386,12.020408163265307
2387,34.578947368421055
2388,13.222222222222221
2389,14.954545454545455
2390,13.311111111111112
2391,11.62
2392,21.8125
2393,10.610169491525424
2394,8.078947368421053
2395,3.4505494505494507
2396,35.1764705882353
2397,21.875
2398,8.272727272727273
2399,66.6
2400,2.9950738916256157
2401,11.083333333333334
2402,19.96969696969697
2403,49.0
2404,35.35294117647059
2405,5.312
2406,5.3046875
2407,4.20945945945946
2408,23.24
2409,83.75
2410,10.46031746031746
2411,9.32394366197183
2412,2.7022222222222223
2413,37.9375
2414,97.33333333333333
2415,5.990384615384615
2416,6.394230769230769
2417,77.0
2418,5.794392523364486
2419,10.0
2420,7.974683544303797
2421,8.474358974358974
2422,83.0
2423,14.790697674418604
2424,6.5049504950495045
2425,6.00990099009901
2426,5.776699029126213
2427,2.508896797153025
2428,37.35294117647059
2429,12.052631578947368
2430,10.421052631578947
2431,15.675
2432,3.210810810810811
2433,17.24137931034483
2434,28.047619047619047
2435,18.0
2436,40.166666666666664
2437,9.626865671641792
2438,3.6993865030674846
2439,9.617647058823529
2440,5.464912280701754
2441,7.021052631578947
2442,17.514285714285716
2443,3.193798449612403
2444,226.33333333333334
2445,4.217391304347826
2446,4.283783783783784
2447,5.016129032258065
2448,3.72192513368984
2449,2.7601626016260163
2450,7.818181818181818
2451,3.8693181818181817
2452,6.339622641509434
2453,5.854368932038835
2454,22.107142857142858
2455,6.166666666666667
2456,9.313432835820896
2457,8.186666666666667
2458,13.568627450980392
2459,1.4866666666666666
2460,20.833333333333332
2461,33.5
2462,3.8588235294117648
2463,39.8
2464,12.630434782608695
2465,4.705035971223022
2466,6.56043956043956
2467,2.0596026490066226
2468,7.623376623376624
2469,19.142857142857142
2470,6.943181818181818
2471,17.097560975609756
2472,17.314285714285713
2473,99.83333333333333
2474,11.916666666666666
2475,5.016806722689076
2476,28.307692307692307
2477,17.657894736842106
2478,5.117647058823529
2479,4.6484375
2480,21.482758620689655
2481,4.367647058823529
2482,12.444444444444445
2483,9.064102564102564
2484,5.3418803418803416
2485,8.460526315789474
2486,9.72463768115942
2487,27.695652173913043
2488,5.944444444444445
2489,5.064
2490,20.344827586206897
2491,9.941176470588236
2492,6.841584158415841
2493,5.46875
2494,18.967741935483872
2495,30.210526315789473
2496,11.551020408163266
2497,3.22279792746114
2498,4.033333333333333
2499,7.888888888888889
2500,6.353535353535354
